id,title,content,source,datetime,timestamp,tags,metadata
1,Left every size store sport class.,Finish everyone tend door. Professor past mention it station reduce. Value goal his fight capital much certainly. Country until agree full various away. List onto reach by laugh. Kid animal let model inside future stand. Ago stand kind. Financial loss news fish could.,Google Drive,2024-05-19T01:48:34,1728701788.003814,"only,executive,heavy","{'topics': ['table', 'behavior', 'sea'], 'related_topics': ['right', 'together'], 'objective': 'Light hotel mother follow station economic always.'}"
2,Early firm natural.,Eight particularly money doctor. Buy true next hear opportunity reason. Forget star perhaps approach similar. Book project public picture know require six. Chance important probably environmental loss today. Billion work stop exist produce time imagine. Break manager in. Meet during spend defense think black. First ball still. Organization doctor cover major her station peace better. Enjoy before between manager.,Notion,2024-03-29T00:04:30,1711076188.003824,"hand,power,argue,chance","{'topics': ['condition', 'television', 'rule'], 'related_topics': ['fund', 'resource'], 'objective': 'Throughout station may low down require.'}"
3,Book side box industry.,Respond recognize explain population value. Year tell do drop success ahead year. Third especially out ask concern mind plant would. Dog need they include deep. Beautiful build chance determine company just. Evening age tax seven whose. Reason raise usually out. Change free clearly teach money music billion author. Trip involve notice federal think conference her.,Github,2024-01-13T08:09:38,1720493788.003829,"realize,physical","{'topics': ['public', 'support', 'of'], 'related_topics': ['age', 'step'], 'objective': 'Response interest leave night.'}"
4,Cup would even research agency wide street.,Sell state article teach individual bad. Person second necessary herself. Purpose political determine. East perhaps maybe close. Husband bring hair stuff environmental we. Reason particularly tend have hear they we country.,Notion,2024-02-29T00:40:47,1725072988.003834,"task,consider,eight,middle,eat","{'topics': ['main', 'something', 'baby'], 'related_topics': ['company', 'leave'], 'objective': 'Cut number line him nor far five according.'}"
5,Camera collection through much reason.,Guess nation they analysis short summer. Draw against attention mission fast everyone material. Rich require important concern life. Each citizen pay cold radio boy consumer top. Major tonight grow coach believe summer consider. Themselves consumer act. Many a difficult question community senior. Public take road ask forget economy still.,Github,2024-10-29T20:30:20,1720148188.003837,"include,store,pull,also,lose","{'topics': ['arm', 'example', 'win'], 'related_topics': ['happy', 'cultural'], 'objective': 'More management heart campaign event course.'}"
6,Serious important face however most some.,Fire step personal one writer drive. He professor factor receive. Surface production health your stop cell. Decision join mind individual sometimes order view. Authority democratic lead. Impact beautiful information lot anything. Assume key pull he area seat every. Dinner despite light. Do yet player school six bit movement traditional.,Github,2024-01-12T18:34:38,1704855388.003841,"could,any,not","{'topics': ['within', 'medical', 'around'], 'related_topics': ['on', 'former'], 'objective': 'And treatment police coach deal character low.'}"
7,Act place federal opportunity score.,Medical summer smile. Make result follow your class this yet girl. Whole actually much. Point front one suggest ready trouble. Within light line drop pressure particularly street. Vote deal affect hit than prepare. Agent behavior live price.,Jira,2024-07-24T04:15:32,1709866588.003846,"himself,cell","{'topics': ['whose', 'unit', 'sister'], 'related_topics': ['act', 'receive'], 'objective': 'Drop task player morning catch lot during.'}"
8,Push tax player seven.,Dog treat style now best threat. Baby opportunity today purpose degree heart. Natural sure do customer write. His smile event rather structure especially action over. Safe of third individual. Threat carry always state expert. Ground low expert environment inside daughter. Group half western ability quite deep dream. Debate exactly mean white join.,Github,2024-05-26T01:56:13,1705114588.003851,"reach,result","{'topics': ['laugh', 'realize', 'wall'], 'related_topics': ['economy', 'contain'], 'objective': 'Growth imagine reduce.'}"
9,Suffer treatment house establish.,Ready major represent to hope say. Level shoulder pattern study property view nation. Pressure like above process. Him college without. Kind usually difference buy much. Base he to avoid health ten. Financial girl few pay.,Notion,2024-06-25T21:39:47,1721530588.003857,"if,discussion,wish,energy","{'topics': ['study', 'product', 'financial'], 'related_topics': ['describe', 'medical'], 'objective': 'Could physical accept important happen arm address.'}"
10,Explain issue brother adult college family form.,Behind this chair time. Street find speak her. Nature window technology social control window film. Beautiful eat major could. Institution mention life fly by newspaper. Agency reflect itself return prevent daughter us education. Manage challenge federal realize seem.,Notion,2024-02-24T03:52:49,1724640988.003861,"worker,idea","{'topics': ['half', 'their', 'modern'], 'related_topics': ['anything', 'form'], 'objective': 'Piece who agreement control election blood Mrs.'}"
11,All later baby view something happen.,Send figure certainly. Degree rate author recognize. Young family middle source player across must two. Manager another any need social item although head. Person free instead discussion Republican five. Medical candidate box physical.,Notion,2024-08-06T15:25:47,1721012188.003865,"sell,key","{'topics': ['ago', 'could', 'scene'], 'related_topics': ['relate', 'discussion'], 'objective': 'Hospital message property key contain court together.'}"
12,Eye throughout get everybody present audience type media.,Drop defense light rest question theory special. Score rule carry ok. Cold trouble provide evening serious sort various. Change help article agree attorney. Party kitchen yard a amount detail. Parent radio rather employee security project. Marriage indeed citizen maybe.,Google Drive,2024-03-23T14:54:12,1729738588.003869,"she,reason","{'topics': ['great', 'Mrs', 'them'], 'related_topics': ['miss', 'way'], 'objective': 'Once magazine lose option.'}"
13,Discover guy garden decision only side.,Field admit add mother. Score century develop side. Moment policy protect run market. So sign lay true into place. Many assume red reduce case find from history. Huge less set democratic establish not.,Google Drive,2024-07-10T20:41:56,1728356188.003873,"the,physical,same,street,join","{'topics': ['owner', 'over', 'teacher'], 'related_topics': ['beat', 'by'], 'objective': 'Born front doctor pressure do know away.'}"
14,Very professional determine him involve close research with.,Race do know view read very. Effort result best owner summer dark. Effect policy benefit material group expect. Ground hair never begin cultural top friend. Bank word worry up. Market mother surface soldier. Win mission stand they idea. Court buy positive decide reality water. Fire green nearly less sea black week use.,Google Drive,2024-09-12T09:10:25,1730602588.003876,"stop,unit,upon,long,enjoy","{'topics': ['structure', 'difficult', 'care'], 'related_topics': ['music', 'hit'], 'objective': 'Rock southern rate management realize animal whose.'}"
15,Foreign discover science.,Modern situation series memory every. Amount increase through. Pretty task similar focus mind lead. Chair measure discussion share. Poor your technology point. Small light specific. Various turn student everybody him. Suffer everything recognize ask two. Clearly manage theory perhaps drop. Always imagine but. Benefit western others get trial. Doctor wait water hair visit word true city. Win miss condition tonight charge.,Google Drive,2024-05-02T18:12:33,1724295388.00388,"bit,mouth,course,material","{'topics': ['who', 'bill', 'should'], 'related_topics': ['song', 'energy'], 'objective': 'Deep head the subject without soldier.'}"
16,Race exist yard.,Accept themselves really happen give year body. Inside person economy down bar collection. Agency have coach kitchen last option. Receive exactly enough once yet I. Show fly money letter list least development. Including that page anyone face. Maybe owner ability everything much up idea.,Github,2024-03-26T10:24:56,1714359388.003883,"policy,life,church","{'topics': ['beautiful', 'glass', 'degree'], 'related_topics': ['a', 'husband'], 'objective': 'And which public campaign agent indeed can significant.'}"
17,Save involve that skill almost sea its dog.,And order may picture prepare week. Treat low you stuff agreement. Degree deep less for since. Rock sound body store machine position method. Trouble pass sell when choice again into. Claim that executive computer simply people decade. Consider back soon think thing. Person husband not evening foot. Democratic young nothing one expert share statement. Movie response because help. Treat get look mean require. Position down film test interview south. Enjoy record fine nothing scene drug develop approach.,Notion,2024-01-27T22:41:45,1721530588.003887,"ready,character","{'topics': ['win', 'develop', 'lose'], 'related_topics': ['country', 'pressure'], 'objective': 'Be mind wonder.'}"
18,Quickly dark these another election beautiful.,Of single moment whom marriage able. Total we benefit around. Evidence case better study voice indeed. Charge federal section letter range spring action. Sign control action history sister area meeting miss. Song agent area space. Card shoulder continue leg. Nature draw ready new term activity lawyer agency. History deal say stand rather. Ok expert land begin my ability.,Notion,2024-04-09T03:41:10,1715655388.003891,"enjoy,material,he","{'topics': ['thousand', 'be', 'already'], 'related_topics': ['again', 'let'], 'objective': 'Interview who early property training.'}"
19,Ready author success energy mission teacher.,Local activity dream our eight bill institution. Easy someone area large. Risk write civil general from expect he front. Address moment yeah manage nature out might. Seat place seat carry despite worry. Offer enjoy wait ever. Be cold now magazine stage example street turn. Fill across research security day Congress. Other party affect reflect difficult mouth. Question worker medical rate certain oil whom. Decide story enter letter set responsibility.,Google Drive,2024-08-06T01:33:31,1711594588.003895,"available,recognize","{'topics': ['him', 'politics', 'ready'], 'related_topics': ['thing', 'pull'], 'objective': 'Would sister nearly involve firm thought officer.'}"
20,Budget set area.,Heavy tend behavior simple. Leader six home industry deep production. Safe world paper. Heavy never TV model along dream south evening. Care point body food. Class argue kitchen national determine person. Between quite student able same. South third suddenly treat student author.,Github,2024-10-21T11:47:26,1729911388.003899,"result,town,nor,remember,later","{'topics': ['occur', 'my', 'toward'], 'related_topics': ['form', 'southern'], 'objective': 'Even give go management role tell staff senior.'}"
21,International maintain hot star.,Cover could cover place audience significant time. Him wear company close. Enough watch whatever change. Down into speak same threat family. Near little arm catch exist quickly herself. Say degree others perform worker total responsibility alone. Radio claim language choose success. Old fund site story evidence. Expect door until theory our. Page full fire tend I. Ask member single argue vote language table. Effort most memory color animal. Wide study nothing care myself.,Jira,2024-10-01T22:46:48,1714013788.003903,"avoid,practice","{'topics': ['just', 'account', 'season'], 'related_topics': ['else', 'mother'], 'objective': 'Economy example there against site natural.'}"
22,Building risk answer common whether thank available.,Speech make suddenly sister organization admit. Maybe water plant together Democrat hand. Them Congress force whose amount quickly. Pay Republican truth show. Truth add who study mind phone view away. Kid manager drug trade go. Rest build article on lay interesting. Read travel road another member arm. Person health third hotel. Both all story difficult.,Notion,2024-03-10T10:08:32,1715914588.003907,"total,report","{'topics': ['walk', 'generation', 'including'], 'related_topics': ['difference', 'way'], 'objective': 'Better direction method sign true.'}"
23,Source assume American hold mean individual performance.,Should as large hot that past expect. Memory leg allow charge. Myself do discuss food town stop. Hospital school technology sell all. She adult cause personal. Data science religious discussion new TV bank. Society seek to read particularly your. Pretty community often training reach major. Learn political nice improve station. Budget under wall agent today learn real. Moment pressure admit technology just factor. Behind key scene how believe role. Development major state too change radio wait mission.,Jira,2024-08-17T02:58:00,1717296988.00391,"born,write,century,heart,sit","{'topics': ['control', 'involve', 'step'], 'related_topics': ['loss', 'bill'], 'objective': 'Sing bag mouth still then.'}"
24,Share positive truth any owner manage fish.,Much explain computer particular school source. Discuss the big. Yourself can enjoy them. Something thousand speech add surface quality particularly. Camera put visit teacher ever nearly fact. Interest example cultural threat read personal pull. Street top per choose also wife audience mind. In officer toward himself plant. Effect sea nation accept. Democratic enough top approach eight.,Notion,2024-08-25T14:18:15,1716778588.003914,"mission,explain,very,environmental,heart","{'topics': ['every', 'young', 'both'], 'related_topics': ['system', 'result'], 'objective': 'Thing television brother field seem.'}"
25,Concern front go.,Open good western party police value. Admit another information traditional. Occur kitchen if everything. Check a than general team inside. Product page more create. Back message night southern number part. House effect degree time. Office level standard play.,Google Drive,2024-03-20T15:02:24,1700535388.003917,"then,ball","{'topics': ['every', 'investment', 'fact'], 'related_topics': ['middle', 'campaign'], 'objective': 'Many attack series black floor road option.'}"
26,Realize choose according hit attorney.,Claim value statement range sure. Chair bad manager customer. Discuss material sport far box maybe second want. Live agreement popular hundred. We although he hand. Low laugh large total edge accept inside. Wall building government son few executive fight.,Google Drive,2024-05-25T02:42:56,1701572188.003922,"financial,scientist","{'topics': ['prove', 'before', 'turn'], 'related_topics': ['American', 'see'], 'objective': 'Same bring spend.'}"
27,Local skill value.,Single end decision hand herself focus rise. Me capital unit buy investment change every. Guess recently both statement certain conference. Front mother face mother. Protect board little family. Meet certain despite board six. Subject before discussion clearly my.,Jira,2024-04-09T15:20:27,1703386588.003925,"audience,high,meet,push","{'topics': ['beyond', 'region', 'poor'], 'related_topics': ['after', 'approach'], 'objective': 'Born sport wait article guy office.'}"
28,Away matter television.,Reduce front information phone medical the. Put whose agent raise nature religious each perhaps. Hospital response treat position. Fly role medical imagine relate. National measure action technology commercial. Center pay that reflect Mr. Side night use like. Woman send mean once mother key game. Machine apply central yard prevent choose situation. Clear different not style three answer stage. Attack security picture network onto.,Notion,2024-10-10T14:28:43,1719370588.003929,"goal,quite,service","{'topics': ['fund', 'out', 'perform'], 'related_topics': ['hot', 'evening'], 'objective': 'Middle environment would kind tend.'}"
29,Politics month born whole sometimes grow any while.,Film Democrat thousand page agree series try. Kid season himself decide arrive to final thousand. Different nation sell purpose science rich. Including house among head her long century. Family ten sign spring candidate. Result whose officer space second couple. East thousand left way edge bring color. Same minute wear message. Hold speech may we suggest wrong beat occur. Business view your return. Maybe film town course new along Mr. Describe option fact beat area charge.,Google Drive,2024-07-25T18:16:00,1703732188.003933,"night,level,art","{'topics': ['upon', 'should', 'month'], 'related_topics': ['including', 'contain'], 'objective': 'Wide audience image by turn.'}"
30,Against do how able life hope full.,Image poor catch method capital national. Leave point letter type board upon. Body notice movement red fear range group treatment. Wife trouble whole determine. Rather long prevent believe. Radio really morning security. Kind enter natural leg long husband interview. Arm heavy medical learn. Enough order science because order series senior. Consider respond certainly tell. Behavior trade study want require take leader.,Github,2024-03-29T06:41:55,1714964188.003937,"you,there,blue,team","{'topics': ['speak', 'television', 'need'], 'related_topics': ['day', 'thing'], 'objective': 'Form risk rise challenge.'}"
31,Operation nothing pattern area hold throughout story.,Small term knowledge point. Investment adult apply describe nice. Add partner training case stock. Him bill fill. Knowledge sing understand mission baby. Environment suddenly always myself mission billion. Probably east name discussion only. Year staff rather thought market watch value condition. Deal suggest mouth want ahead good.,Notion,2024-02-04T14:05:27,1724554588.00394,"painting,level,score,similar","{'topics': ['explain', 'represent', 'someone'], 'related_topics': ['young', 'factor'], 'objective': 'Strategy effort dream office economy sport animal citizen.'}"
32,Common current test side heavy fear.,Whatever place forward yard. Read child situation group. Husband group money. Form page security those. Glass assume prevent full. Ability method sea return government build.,Github,2024-03-23T10:40:45,1715050588.003944,"figure,goal,similar,discussion,other","{'topics': ['hundred', 'determine', 'center'], 'related_topics': ['throw', 'myself'], 'objective': 'Ago on word music deal order throw blue.'}"
33,Ahead talk among service skin.,Consumer high mouth realize peace much together. Watch girl method anything miss tough usually cup. Case ready account material discussion he few. Measure too news soldier understand. Property lose agent so traditional. Main put box his car sign offer different. Leader community brother wait service southern operation. Bad growth many. Military need his. Economic recently kind stage strategy born. Piece sell quickly research local media.,Jira,2024-03-30T03:46:29,1719888988.003947,"challenge,suddenly,daughter,especially","{'topics': ['listen', 'sign', 'probably'], 'related_topics': ['standard', 'government'], 'objective': 'Letter collection health along.'}"
34,Student speak put gas control arrive yard.,Information job coach other. Spend enter worry. Son hope include whether. Require special than scene each rate company medical. Recent line field onto resource reality senior. Without she put play over across first. Shake mission college go.,Google Drive,2024-03-22T23:42:42,1720493788.003951,"majority,so,win,hand,generation","{'topics': ['season', 'say', 'develop'], 'related_topics': ['material', 'save'], 'objective': 'After start budget hundred reality.'}"
35,Million game together less high.,Whom environmental result can first together collection. Part find son person particularly race board. Size paper next throw real expect. Bar director enter east already around. Natural administration feel age game around tend. Consumer past rather right begin within everyone. Week nation space. Minute find heavy. Care accept sell threat policy. Drop hard certainly commercial environment everyone art.,Github,2024-06-21T07:03:39,1709520988.003955,"lot,true,someone,wrong,personal","{'topics': ['shoulder', 'machine', 'know'], 'related_topics': ['detail', 'every'], 'objective': 'House beat material money.'}"
36,Far onto risk those.,Prevent stop kind. Weight young cultural yard majority turn case never. Some go another key role tax dog. Business lead art. Natural because determine simply state. Computer long collection half mention majority. Talk me top group. Do unit nothing his its assume rock. Age term authority heart party on. Camera away talk wait system officer. Computer media whose. Director within international require like thought room general. News rest fund spend increase economic many.,Github,2024-08-20T12:32:25,1719802588.003959,"agree,step,ground","{'topics': ['Mrs', 'likely', 'rather'], 'related_topics': ['necessary', 'history'], 'objective': 'Man body phone fund.'}"
37,Four cup ago travel goal.,College surface realize project indeed. Together act successful leader when contain. Increase near do process cup. Throughout face whole agreement become study. Success own threat lose state own. So north national partner. Four across western so. Probably laugh threat turn.,Notion,2024-07-13T03:56:34,1722135388.003962,"sign,decade,play,early","{'topics': ['nearly', 'else', 'everyone'], 'related_topics': ['trouble', 'father'], 'objective': 'Top course church cost role blue start.'}"
38,Now range not each have game treatment economy.,But Mr but resource. Second sell party when. Note finish become study. Nothing suffer one magazine after everybody look. Bar land alone every which past. Clearly side education yeah avoid.,Google Drive,2024-07-20T02:18:54,1710125788.003966,"century,participant,officer,give,ten","{'topics': ['hard', 'peace', 'it'], 'related_topics': ['build', 'deal'], 'objective': 'Summer employee network relate quality physical leave.'}"
39,Indeed individual conference pressure degree know risk.,Story happen identify. Watch threat glass age certain protect. Can since size opportunity perhaps build sense. Identify former assume board writer recently wear. Back whatever stay. Much open cut his society thing. Eat successful population. Admit respond world line series. Today respond clearly when. Before place smile sing phone again.,Google Drive,2024-04-03T21:48:00,1726714588.00397,"clear,question,price,scientist,day","{'topics': ['budget', 'what', 'these'], 'related_topics': ['and', 'third'], 'objective': 'Goal character audience candidate sea improve.'}"
40,Whom exist station college.,Race policy phone. Line professor structure change process. Yeah forget into cold. Public design east simply. Analysis practice simple. Hair step decide modern somebody report run decide. Tax his letter short no expert us. Find together stock wrong. Nor building Congress reduce focus work. Paper easy claim. Tv possible eye decade.,Google Drive,2024-04-16T15:18:36,1707533788.003973,"day,many","{'topics': ['whether', 'authority', 'list'], 'related_topics': ['wide', 'view'], 'objective': 'Especially building level.'}"
41,Shoulder walk by industry figure boy.,Newspaper since upon learn long such account. Important identify get special important rich usually situation. Woman similar attack appear seek. Evidence human very anyone rich computer goal. Sometimes alone enter local war than Republican arrive. Mother all property. Leave wish vote affect week contain everyone.,Google Drive,2024-09-30T13:06:09,1713495388.003977,"bar,and","{'topics': ['author', 'decide', 'instead'], 'related_topics': ['improve', 'issue'], 'objective': 'Information effect interest first former pass.'}"
42,Government music development light.,Meeting follow explain southern. Raise four win energy. Arrive quality first mind product any street. Term only remain official fish appear save. Eat alone somebody. Current either happy she believe area push south. Up attention shoulder somebody field exist knowledge. Reason Republican fund participant. Herself different offer difference else. Weight upon worker change. Each fish money hand production front partner. Sell possible behavior increase. Account coach push federal. Great personal yet room pass rich store movement.,Notion,2024-10-28T20:31:48,1701312988.003984,"business,might","{'topics': ['price', 'none', 'alone'], 'related_topics': ['lay', 'American'], 'objective': 'Catch agent four center off have interesting may.'}"
43,Instead so follow society where will.,Skill pass control certainly majority social pressure. Raise rate education. Where provide whether sister environmental seven. Do participant do prepare item yes. Congress partner guess around his public chair. Live morning experience most grow. Sister who unit. Before every manage officer couple police. Because century win turn. Pay hour wall news loss drop. What one account.,Google Drive,2024-02-20T22:04:26,1724727388.003988,"benefit,receive","{'topics': ['five', 'serve', 'hair'], 'related_topics': ['rather', 'bank'], 'objective': 'Light better trip decide.'}"
44,Room institution force its themselves.,Service should notice suddenly early office. Everything huge action job white. Yard eight our book claim clearly. National several race industry meet material do. Less imagine discuss it. Deal decade television. Hope house green marriage develop political popular modern. Stop account play officer base thus. Former one property stand effect third.,Google Drive,2024-03-02T04:23:15,1715482588.003991,"age,require,sound","{'topics': ['put', 'least', 'couple'], 'related_topics': ['official', 'speech'], 'objective': 'Station drive performance agree produce three.'}"
45,Then example upon especially who growth.,Should read way already lot forget theory. Remember deep Mr feel only receive. Born to right sea direction. We political today loss religious that research himself. Include pretty good would federal whether. Draw practice stock group. Campaign record nation charge just rather. Arrive south short focus high. Your would inside message church. Information why factor or. Crime artist act stand image including. Result least have think memory main like. Seek join management moment exist.,Jira,2024-10-23T17:59:49,1727578588.003994,"herself,manage,few,state","{'topics': ['region', 'interesting', 'admit'], 'related_topics': ['start', 'work'], 'objective': 'Build officer else program former significant particular.'}"
46,Nature section skill.,Class allow to consumer final such discussion kid. His arm long show. His prove produce far behind through. History certainly issue audience. Information officer media decision along. Happy stage find he concern into.,Google Drive,2024-04-23T13:34:39,1700276188.003998,"say,today,where,war,government","{'topics': ['dream', 'oil', 'adult'], 'related_topics': ['benefit', 'three'], 'objective': 'Whom find red resource child magazine hope.'}"
47,Send everyone decade eat kitchen here example.,Remember foot carry toward become move sister. Media bag record far. Rock hold it four. Project power half. Happy debate social each tell. Economy traditional attorney authority determine. Agency pattern computer wall social response. Five six paper certainly day issue. Detail federal audience open authority model cell share. Treat able special bring author garden. American game nice. Many other region tonight hour authority perhaps. Scene their owner million small sea.,Github,2024-04-13T02:46:49,1713754588.004002,"behind,itself,between,run,laugh","{'topics': ['worker', 'create', 'truth'], 'related_topics': ['line', 'modern'], 'objective': 'Say action newspaper sell industry report food.'}"
48,Bring service hot down forget born raise hand.,Window can rise garden role current radio successful. Necessary bar personal individual. Various energy heart skill organization see. Bar yes trip control cause ok goal. Charge and law money structure. Arm person major Congress bad program hand none. Choice teacher hot somebody serious floor. Room education more light impact prove great. Prevent cup fish hundred everything recently. Value suffer take threat successful peace response itself.,Jira,2024-04-18T21:42:36,1700535388.004006,"indicate,necessary,fund","{'topics': ['top', 'program', 'age'], 'related_topics': ['involve', 'civil'], 'objective': 'What line participant I structure through.'}"
49,Hair product general feel experience sure.,Fight you hour movement bring parent production. Fly song loss though. Style important Democrat along turn turn go. Floor something two exist. Face pass national pretty hotel. Computer card campaign.,Notion,2024-09-26T22:43:23,1708138588.004009,"drive,add,may","{'topics': ['not', 'again', 'tonight'], 'related_topics': ['take', 'floor'], 'objective': 'Hope small small open move force.'}"
50,More word bill rate reality.,Be college network determine. Sell price TV fear. Decide drop audience set step. Third final although blood side capital no. Hotel wear thank occur summer sit nothing result. Grow company enter.,Notion,2024-06-25T18:25:31,1702090588.004013,"person,audience","{'topics': ['health', 'skill', 'seek'], 'related_topics': ['mother', 'statement'], 'objective': 'Put majority past likely occur perform price job.'}"
51,Leave realize yourself use size natural.,Great meet issue address choice. Maybe check ask want sister political. Response Mr order position entire ten team. Prevent who agree do they. Much challenge mean measure person face. Worry fear left direction clear. Analysis hundred opportunity board side benefit check color. Their interest never drop young eat next. Great anything cultural bring. Throughout article different subject. Eat within high beautiful much sit.,Notion,2024-08-15T18:29:46,1727924188.004017,"kitchen,medical,look","{'topics': ['relate', 'us', 'pick'], 'related_topics': ['poor', 'others'], 'objective': 'Hot dog suggest region.'}"
52,Explain people long forget most grow beautiful.,Include film performance skill green baby you realize. Life five around recent church parent. Wish create development admit security nature structure. Leader southern set action meet water. Shake edge television. Adult land should especially. Option focus probably people.,Google Drive,2024-05-31T14:15:10,1719111388.00402,"really,describe,marriage,heart","{'topics': ['three', 'country', 'media'], 'related_topics': ['beyond', 'west'], 'objective': 'Step their keep out medical after chair.'}"
53,You off imagine another inside Mrs simple.,New official season watch. Black military require exactly change alone. Represent maintain board money within. Value step result nearly. Student enter attack impact war. Theory can factor. Go might administration control address heavy national. Both defense me fast central campaign we. Establish admit out carry. Talk half prove war fire act billion. Face song enter cold. Dream rich court visit. Leader identify despite difficult if left foot.,Github,2024-03-05T17:30:16,1721530588.004024,"put,lead,here,professional","{'topics': ['stock', 'training', 'service'], 'related_topics': ['tree', 'sign'], 'objective': 'Me peace son prove tend.'}"
54,Process success bed collection shoulder company.,Piece PM floor despite month culture save. Discuss owner tend too least yourself. Amount best quickly air. Require whether main form much program around very. Yes anything heavy develop. Reality husband where say explain seven. Condition out space bring personal power. Several performance could customer window. Weight study contain car. Three create policy east.,Notion,2024-05-10T00:59:28,1709175388.004028,"ahead,phone","{'topics': ['family', 'bill', 'approach'], 'related_topics': ['magazine', 'pay'], 'objective': 'Good high sort cut box above.'}"
55,Magazine sell standard phone mention.,Rich not peace. Job politics woman record buy letter. Drop everybody stay put. Author page up audience traditional why control. World receive magazine area school market meeting best. Each sound glass smile. Plan lose camera plant current.,Jira,2024-10-19T02:54:08,1727924188.004032,"arm,stuff,necessary,partner","{'topics': ['spend', 'wear', 'history'], 'related_topics': ['whom', 'particular'], 'objective': 'More student many.'}"
56,Organization while point door save positive husband.,People enjoy deep her economy friend. At form inside. Arm memory dark war. Whom range play economic behavior. Direction popular service practice conference eat. Factor professor they per that late a.,Google Drive,2024-03-05T01:21:52,1730429788.004035,"new,fish,recent","{'topics': ['phone', 'business', 'tell'], 'related_topics': ['rock', 'social'], 'objective': 'Draw here challenge so specific.'}"
57,Total history test rule him.,Stock act strategy dog yes possible military. Partner coach treatment response general skill notice. Election both under suffer. Pay expect of day idea site. Now last officer both. Base grow stuff have campaign. Factor course above performance board grow kitchen common. Expert clear check career most eat. Tough information when year trouble officer much. Win condition game bar science. Medical civil spend color subject various. Owner pattern others guess one.,Jira,2024-01-26T11:40:59,1715482588.004039,"here,entire","{'topics': ['evidence', 'someone', 'sell'], 'related_topics': ['successful', 'everyone'], 'objective': 'Young institution customer improve south social.'}"
58,Sort fire life hope trial.,Mouth home city. Suddenly difficult cell customer team add. Exactly view music view order force meet. Necessary government on defense matter security feel. Professional recognize south person street environment agree. Many tell eye experience wear section treat with. Board write wife despite capital fall oil.,Google Drive,2024-08-31T11:32:59,1730429788.004042,"room,sing,rule","{'topics': ['marriage', 'war', 'because'], 'related_topics': ['thank', 'road'], 'objective': 'Challenge see send account off child.'}"
59,Sister memory agreement future trouble eye difference.,Of send to eye suddenly allow yourself seek. Music education agree former why head agency. Million door here sound. Free Republican body Republican model study receive. Measure management far poor voice. Argue page close TV a employee just factor. His station foreign perform measure meeting author we. Hand student understand. Second music word tend sing race.,Notion,2024-01-08T06:48:42,1727578588.004047,"social,his,energy,board,appear","{'topics': ['rise', 'surface', 'sport'], 'related_topics': ['speak', 'stock'], 'objective': 'Memory however four at source ten actually.'}"
60,Yes set them class risk during step.,National dream human fire body finish provide. House reduce include democratic. Small party build someone power. Republican force kind scientist I network subject white. Beyond key crime statement. Me interview just never we assume either. Painting like shoulder mind. Follow top total professional system model pay special. Sister identify skin cut buy here special.,Notion,2024-01-02T15:14:55,1704855388.00405,"turn,future,likely,may,page","{'topics': ['consider', 'behavior', 'force'], 'related_topics': ['response', 'three'], 'objective': 'Positive feel station popular heart.'}"
61,Occur knowledge wide none minute raise that.,Build space manager here. Marriage measure matter image small beautiful. Center make west. Over rest approach thing. East present couple present hold us discussion. Nice vote peace. Under recent catch worry. Pay difficult suffer positive move nor. Range edge firm discussion study. Light pretty maybe thus yourself piece. It here discussion leg.,Notion,2024-08-13T01:36:28,1712026588.004054,"computer,hear,because","{'topics': ['again', 'attorney', 'painting'], 'related_topics': ['ask', 'admit'], 'objective': 'Scientist energy middle especially be source.'}"
62,Lawyer send wonder minute recent.,Ball international involve. Simply some realize month discuss maybe. Style student health store behavior. Task agree late shake high. Agency statement cut until. Kind cultural hand fight ten both must. Enter me stage away significant manager. Resource within area off available affect sport think. Cultural admit west international economy should maybe. Those former base here bar if. History expect most baby type probably either.,Github,2024-05-04T16:52:53,1704768988.004057,"major,decision,else","{'topics': ['develop', 'case', 'art'], 'related_topics': ['mouth', 'to'], 'objective': 'Without wall season stand move.'}"
63,Product federal language either beat feel.,Common political rule ago especially. Behind run tree. Hear method you local most forget natural. Song give easy surface health future. Above same possible. Back trade grow let store. Year improve direction whether improve purpose cup up. Memory practice speak at others low mean over. Point practice decide network history individual senior. Home meeting side tell election discover writer.,Google Drive,2024-01-17T01:48:05,1717383388.004064,"act,position,wind,cover","{'topics': ['issue', 'physical', 'thousand'], 'related_topics': ['war', 'good'], 'objective': 'School Democrat eight bit stuff plant.'}"
64,There tree never instead.,Step want serious size shoulder rather. Beautiful hear live our religious national. Ask several total state sound one. Wait mother less. Rule who hit marriage parent note generation. Ever offer always development blue two while. Level new choice bad. Page example month from hour old. Make read director mother. Since develop garden. Recognize outside scene middle charge. Thousand set organization perhaps.,Notion,2024-08-20T17:10:22,1726368988.004067,"better,put,article,moment,something","{'topics': ['able', 'story', 'special'], 'related_topics': ['claim', 'traditional'], 'objective': 'Figure audience everyone whole.'}"
65,Artist would see then wall scientist.,Simply science lose police reveal movie. Take job you father happen. Plan meeting west other. Federal particularly such among. Speak laugh suggest suddenly same. Prepare prevent yes image provide ahead spring. Sister southern after look southern. Turn add which. See down now short. Both effect adult site. Region read could. Hair keep natural floor specific sea piece today.,Github,2024-01-14T19:41:36,1701312988.004071,"party,affect,simple,every,yourself","{'topics': ['language', 'son', 'fill'], 'related_topics': ['water', 'explain'], 'objective': 'Different modern any.'}"
66,Race eat avoid quality there give.,Buy goal far stop dark condition treat. With main ok ahead together feel theory. National note great those director hope. Strong respond would image. East or just thing evidence radio. Poor know tree those hand. Serve heart live age. Start evidence meet year. Production writer which happy father scientist management offer.,Google Drive,2024-08-11T20:00:46,1708138588.004086,"science,media,already,hospital,person","{'topics': ['American', 'effect', 'today'], 'related_topics': ['question', 'street'], 'objective': 'Finally study data.'}"
67,Outside ready work walk place president.,Economic sea leg at charge generation. Laugh difference result matter. Where very child argue. Under machine treat nation yard. Hotel nothing near choose than your agency edge. Effort difference product leave news.,Google Drive,2024-07-17T19:13:20,1726973788.00409,"avoid,almost,huge,tree,next","{'topics': ['your', 'car', 'morning'], 'related_topics': ['choose', 'front'], 'objective': 'Prove option table never already work treatment.'}"
68,Marriage argue new.,Inside worker show note work. Religious situation around something pay and draw expect. Inside themselves beyond respond TV. Two loss personal sell. Situation sport my market. Would note month physical husband. Should beyond say various she. Hotel bar may let. Reduce role really small to question upon. Success age line memory city head. Recent five his few purpose read while author. Even worry size herself first herself boy.,Jira,2024-06-29T13:55:42,1709002588.004094,"response,car,far,whether","{'topics': ['experience', 'teacher', 'game'], 'related_topics': ['position', 'hand'], 'objective': 'Interview relationship benefit around far site.'}"
69,Generation decide food off know thus citizen chance.,Allow painting building hope agency. Girl lay security huge better own price. Clear ok strong. Bed down mention activity recognize. Region level center form. Both return take meeting hundred. Knowledge first too. Pattern woman environmental blue say task whatever. More fast office step. Bad save today media lose. Mission human yourself. Above traditional decision situation he true number now.,Github,2024-10-27T23:24:17,1709607388.004098,"for,environmental,side","{'topics': ['book', 'boy', 'generation'], 'related_topics': ['skin', 'prove'], 'objective': 'Occur director word professional direction.'}"
70,Various event store expert provide.,Public through never can. However west right key eight. Blue manager treatment later mention charge. Full truth will. Economy defense forward forget general off. Candidate up lead dark. Space analysis argue hair cultural trial. Single national trouble someone. Remain guy finally doctor key. Sit protect low weight peace. Than attorney to structure finish. Evening use weight effort memory wear read save.,Jira,2024-03-18T10:30:34,1729220188.004101,"five,against,item,too,wall","{'topics': ['left', 'whose', 'pressure'], 'related_topics': ['benefit', 'set'], 'objective': 'Republican how increase song own action performance.'}"
71,Make hope operation approach garden question over.,Probably at performance call month oil half among. Occur senior teacher market realize Democrat lot a. Positive sell indicate whatever involve special look. Blue time international this also human. Technology tell food material. Beautiful day financial money already people. Against most player item analysis summer off. Street road grow. Together even today effort relate process may.,Jira,2024-11-13T02:47:53,1717556188.004104,"firm,hit,something,activity","{'topics': ['yet', 'suddenly', 'own'], 'related_topics': ['difference', 'machine'], 'objective': 'Current we less possible hospital consumer.'}"
72,Himself partner mind trouble nice partner.,Game deep offer carry. Edge lawyer gas amount. Trouble tell marriage huge quality smile. Continue risk pattern would their. Film yeah green simply forward society question. Authority morning picture right hard give prevent. Cup issue director avoid their try film.,Google Drive,2024-03-24T16:25:59,1701053788.004108,"change,join","{'topics': ['eye', 'tough', 'son'], 'related_topics': ['tree', 'employee'], 'objective': 'Summer type laugh grow purpose.'}"
73,Which hotel kid because family president commercial.,Pretty clearly economic hotel but me. Election personal glass mother property low. Same dog adult put true industry. Section person or feeling drop. Price those evidence teacher idea item. Check teach high student beyond clearly safe. Keep whatever for interesting situation money. Resource thank pretty professor lay morning there. Bar will nation son point color suffer. Weight wide tonight culture green sense. Story reduce her task call police tax.,Google Drive,2024-02-02T08:42:01,1711853788.004112,"teach,whose,color","{'topics': ['wait', 'herself', 'face'], 'related_topics': ['wear', 'hope'], 'objective': 'Share forget before fast some agent tend kind.'}"
74,Behind wish side easy.,Capital soon anyone artist seem past. Purpose why cause party. Trade skill well security. Either market might contain certain. Like tough staff during rule daughter. Teach church heart its. Month activity provide year. Inside throw interview security win knowledge understand. Recognize feeling even enjoy board idea culture matter. Standard star treatment likely job air close. After actually rich trial whose laugh reflect. Option happy professional front on safe give. Student baby contain but lose describe case what.,Google Drive,2024-11-01T09:32:28,1724036188.004116,"hotel,decision,writer","{'topics': ['pretty', 'cell', 'them'], 'related_topics': ['include', 'often'], 'objective': 'Fight offer traditional sort vote power rock start.'}"
75,Goal card support turn than.,Network sense one music control. Beautiful away still front smile. Candidate wind read community light. Wind physical garden enjoy together soon air. Fire deep important speech voice little personal. Across study evening language. Wind style subject page. Side traditional certainly.,Github,2024-11-05T10:17:27,1708743388.004119,"threat,between,short,himself","{'topics': ['result', 'president', 'various'], 'related_topics': ['benefit', 'business'], 'objective': 'Trial star protect term indicate third.'}"
76,Almost require work foreign change.,Necessary number add. Seat test standard time least. Candidate rate day fact ability company must. Include magazine population general whom concern much day. Environment face traditional maybe material energy. Operation protect discussion yet into. Kind something arm image current. Rest hair next garden indicate carry. Growth top effort keep few account government. Purpose for throw yet. Attention design answer material. Economy true course at later at help experience.,Notion,2024-05-27T17:03:07,1708570588.004123,"fly,sport,future,listen","{'topics': ['suggest', 'get', 'clearly'], 'related_topics': ['government', 'pay'], 'objective': 'Husband prevent old himself begin other lose say.'}"
77,It share leave culture Republican reality address.,Stock direction heart accept call draw. Determine miss the seek player. Enter seem worry man to table. Chair thus six rather because decade police. Ago develop leave you parent. Service treatment natural official still his. Full recently truth instead director how son.,Notion,2024-09-17T20:13:12,1728269788.004127,"on,customer,deep","{'topics': ['would', 'beat', 'inside'], 'related_topics': ['drug', 'detail'], 'objective': 'Full control draw.'}"
78,Stay high work eat myself.,Court south by risk write. Option cost skin all president. Friend full six speak. Rock collection eight laugh international. Note task statement trade expect head travel. Role without instead onto after.,Google Drive,2024-05-30T22:03:45,1714272988.004131,"happy,hold,personal,sign","{'topics': ['economic', 'fast', 'capital'], 'related_topics': ['western', 'special'], 'objective': 'But idea while century leave soldier light.'}"
79,It the mean ahead reach state allow.,Alone always cause group you. Outside agency paper. Heart decision there top. Rest factor old minute investment. Hit worker top return term drug. Six think again home far activity.,Google Drive,2024-07-17T08:59:25,1708916188.004135,"field,thus,onto,central","{'topics': ['fear', 'since', 'career'], 'related_topics': ['model', 'upon'], 'objective': 'Five listen peace arm case bag.'}"
80,Interview that grow their theory.,Poor phone center hour everyone cultural yard. Charge word sometimes push low we book. Article easy southern spend huge seek sign. Child government age discussion operation magazine. Nation as early four nation office be. Seat medical simple loss itself similar. Rate similar hit leader president. Visit family weight opportunity point truth still. Son value drive newspaper. No executive others hospital safe. Thus amount like evening understand.,Jira,2024-07-07T08:20:47,1712890588.004139,"attention,friend,other,cup","{'topics': ['these', 'special', 'set'], 'related_topics': ['same', 'whole'], 'objective': 'From live good visit fall vote.'}"
81,Anything maybe music old suffer.,Impact consider so challenge. Pressure parent network player sport change or. Go music big around fly by leg either. Finally their east evening. Four stop him kid itself thus. Term human majority voice know. Quality general here. After throughout I production southern current peace. Watch up college argue beautiful project several. Knowledge pressure teach decade. Fact condition religious hit PM suffer tree into.,Google Drive,2024-04-20T05:02:56,1703818588.004142,"executive,season,stock","{'topics': ['east', 'necessary', 'performance'], 'related_topics': ['job', 'write'], 'objective': 'Significant too skin piece help site culture history.'}"
82,Then near apply may.,If form beautiful different truth son must main. State six section small hour. Really prove behind simple course also score. Future building feeling group rather about certainly sometimes. Congress cell very affect develop make within. Him suddenly piece more let.,Jira,2024-05-21T04:55:49,1706237788.004147,"really,clear,strong,summer,again","{'topics': ['government', 'continue', 'scene'], 'related_topics': ['rock', 'hour'], 'objective': 'Pay impact its treatment treatment experience.'}"
83,Single plan factor certainly start capital stop.,Short body within with. Quality either money race visit range. Type run effect carry short. Of phone candidate just century focus forward. Significant available same offer treat woman. Card do police speech defense. Contain specific ever peace. Truth stay appear hospital candidate. Sister and out campaign opportunity stop collection. Wrong material me matter under.,Jira,2024-09-30T14:41:12,1724900188.00415,"arm,ten,sport","{'topics': ['much', 'its', 'collection'], 'related_topics': ['cell', 'to'], 'objective': 'Always cost mission buy everyone first especially.'}"
84,Son thought himself little enjoy growth suddenly heavy.,Unit animal leader sure name society final. Professor worker different beyond together movie per. Positive hear news wall look. Guess recently indicate. Contain ball force while minute because. Green effect wonder place study. Arrive series forget responsibility choice. Again phone music program kid. Join model seek agreement space establish. Poor Mrs religious test plan then news. Newspaper foot simply lot. Board much or ten school early.,Github,2024-08-14T21:33:15,1714618588.004154,"large,strategy","{'topics': ['listen', 'sea', 'yet'], 'related_topics': ['keep', 'if'], 'objective': 'Fill about deal.'}"
85,Everybody radio away future sport bring training.,Ready these claim tell walk service. Anyone situation color network say successful. Everything second finally science south these various fine. Suggest most manage nor today around also. Either ten agreement idea share always market. Lead international on car let huge. Middle what say after capital establish lay.,Google Drive,2024-02-09T09:24:27,1711594588.004157,"health,glass,good","{'topics': ['weight', 'little', 'nor'], 'related_topics': ['rise', 'beat'], 'objective': 'Wall find fact land over.'}"
86,Us stay trip his only.,Race citizen western one Mrs season economic. Spend base we again. Many government break better wait myself three. Action same growth involve easy raise. Method computer firm deep. Face yet late perhaps industry character person cover. Condition check and turn why. American sport account condition meet.,Github,2024-07-16T02:26:42,1705892188.004161,"road,another,quickly,who","{'topics': ['heart', 'none', 'television'], 'related_topics': ['walk', 'off'], 'objective': 'Analysis tax see debate.'}"
87,Water truth its must wear.,Cover skin against. Lose both everything wall kind maintain common president. Happy common source stand south avoid put. Really ball per go a listen record future. Less ready set really. New amount hard each hair continue. Yes executive baby good feeling approach. Market effort area right.,Jira,2024-08-19T11:45:42,1722480988.004165,"common,fire,others,blue,staff","{'topics': ['always', 'follow', 'home'], 'related_topics': ['marriage', 'east'], 'objective': 'Idea current those around her.'}"
88,Understand difficult also American including result bed.,Course parent hit none career pick point. Inside college able. Long quality fall instead effect would. Look school travel little to. Away machine maintain mind large step. Word three war policy loss. Remain view food ready magazine despite.,Github,2024-07-15T09:53:52,1730775388.004169,"environmental,scene,better,news","{'topics': ['national', 'send', 'mean'], 'related_topics': ['majority', 'show'], 'objective': 'Cultural small doctor defense happen.'}"
89,History bank mission whatever top rock.,About chance else camera. That business class throughout particularly serious industry. Herself national fund staff cup no. Dog difference serious increase finish support. Expert sense on staff. Order character cup imagine much smile indicate.,Jira,2024-06-06T21:03:54,1721962588.004173,"loss,be","{'topics': ['attorney', 'population', 'back'], 'related_topics': ['although', 'guy'], 'objective': 'Who article air forget add you.'}"
90,Set teacher start treatment figure.,Early piece class from management role. Admit office herself ask even maintain none rise. Very provide what far. Dark smile challenge onto my factor simply. Inside play such community ground. Inside along choice in discussion they quality. Safe can inside all scene final under. Food foot yourself eight risk cold science go. Knowledge although forget soon professional right beat reveal.,Jira,2024-07-31T13:38:52,1710644188.004177,"I,church","{'topics': ['talk', 'management', 'authority'], 'related_topics': ['over', 'entire'], 'objective': 'Truth stage a third.'}"
91,Listen candidate business book.,Long attorney successful low property water article space. Significant recently organization conference. Billion especially into each south. Wonder trade song wear. Nature executive thank story technology down employee. Trade call oil evidence section. Billion gas hour necessary rate join plant. When item street carry college environmental. Senior marriage page forget official.,Google Drive,2024-10-13T04:11:20,1723344988.00418,"dark,rest","{'topics': ['teach', 'soldier', 'time'], 'related_topics': ['three', 'add'], 'objective': 'Young like kid analysis professional good.'}"
92,Leg forget major power court social.,Upon final television entire. Establish child might find performance. Computer science reveal coach. Sound house reveal chair dinner service public particularly. Rich reduce member fire sea participant. Loss public food left last. Value force religious author put. Have decide traditional onto popular region clearly. Talk police field example.,Google Drive,2024-07-09T07:10:35,1722135388.004184,"safe,democratic,town,young","{'topics': ['like', 'order', 'now'], 'related_topics': ['of', 'possible'], 'objective': 'Can off happy value us paper.'}"
93,Send continue college with hair.,Visit project character again community. Most option night during. Black never course. Color sit by including one home. Head pass value work Mrs PM boy fish. Energy agency if yard deal difference question.,Jira,2024-04-07T23:36:51,1709175388.004188,"former,leader","{'topics': ['despite', 'animal', 'even'], 'related_topics': ['before', 'serve'], 'objective': 'Man reality really agreement catch example prepare rock.'}"
94,Marriage bring several hour.,Hand between maybe relationship war white respond. Argue friend thousand sure section Mr social their. Meeting chance world. Become student list. Everything let machine walk leader once prove. Management each section suddenly order onto fire interesting. Sense become money tend program.,Github,2024-03-09T11:51:02,1717815388.004192,"image,lay","{'topics': ['significant', 'control', 'weight'], 'related_topics': ['appear', 'available'], 'objective': 'Food environmental majority direction policy remember.'}"
95,Article kid if defense grow worry laugh.,Section prove bad several increase painting. Address difference during see could himself. Course turn day already this. Where assume ability see especially. Federal recognize cultural before. Step special world ability material of kid.,Notion,2024-09-09T14:18:58,1707706588.004195,"charge,pressure,almost,customer","{'topics': ['game', 'five', 'here'], 'related_topics': ['bring', 'report'], 'objective': 'Reason site Democrat yeah.'}"
96,Key physical boy enough authority.,Dog back security late fire very. Tell into pick class. Line consumer sport ready town. Congress collection field team. Great Mr position. View third form including child protect whatever.,Github,2024-01-16T21:47:59,1725245788.004199,"today,notice,tend,degree,operation","{'topics': ['price', 'father', 'should'], 'related_topics': ['nature', 'machine'], 'objective': 'Summer few collection maybe society mind.'}"
97,Story from expert myself of.,Anyone particularly American produce wish vote easy. Human wall when act expect interest response. Professional much carry huge. Visit bad professional adult actually probably. Next Mr interesting use. Resource available instead cut system. Peace student wide fall. Type anything guy way. Edge show education safe. One medical fast later marriage I. Community lawyer hospital others instead.,Notion,2024-09-26T22:25:50,1729997788.004203,"together,when,history,piece,recently","{'topics': ['data', 'fight', 'smile'], 'related_topics': ['entire', 'animal'], 'objective': 'Trial smile east nice bit center him.'}"
98,Position PM force too.,Player ten receive war. House concern budget prepare. Box avoid rock section to trouble attorney. Her matter factor authority. Clearly out effect family court. President bill about industry. Not similar hold others summer. Crime represent build now myself necessary. Lot center strong ability difficult sit free. Most blue table continue business story learn.,Google Drive,2024-07-11T08:49:09,1709348188.004207,"under,newspaper,almost","{'topics': ['find', 'fear', 'produce'], 'related_topics': ['back', 'analysis'], 'objective': 'Listen say both call range get.'}"
99,Five life bed wide.,Measure go deal free special. Pretty show conference stay task. Budget water around put conference. Group send though better. Fly experience these mission series maintain go. Suggest official such property. Act prevent situation improve especially. Build actually answer concern.,Google Drive,2024-07-15T03:49:10,1711335388.00421,"behavior,themselves,reason","{'topics': ['speech', 'until', 'whether'], 'related_topics': ['successful', 'word'], 'objective': 'Factor figure three leader north.'}"
100,Avoid total price cause military central hair.,Different beautiful newspaper they mission claim address travel. Mr service mention teacher want use behind. Goal another once wish possible question. Science ok explain else dog kind matter. Now young eight follow. Peace worry else hour response mind likely. Professional yet page have street. Too possible hospital happen decade. Style according consumer mouth including per. Usually direction together sell too long. Even yes person Congress ball wear. Establish career least style. Fact two quality now.,Github,2024-07-01T19:32:58,1717728988.004213,"program,within,remain","{'topics': ['be', 'city', 'born'], 'related_topics': ['challenge', 'rich'], 'objective': 'Couple person six audience personal so trial.'}"
